record_id,well_id,timestamp,hole_depth_md_m,bit_depth_md_m,tvd_m,rop_m_per_hr,wob_ton,rpm,torque_kNm,standpipe_pressure_psi,flow_rate_in_lpm,flow_rate_out_pct,mud_weight_in_sg,mud_weight_out_sg,pit_volume_m3,hook_load_ton,block_position_m,ecd_sg,gas_units,bit_type,hole_diameter_in,casing_size_in,formation_name,activity_code
DD00001,W001,2023-01-15 08:00:00,500.0,500.0,475.0,18.521496275449774,23.0650680149057,87.34395614934664,29.059525536911043,2463.2371044980964,2330.8661836309548,97.45445223127552,1.3121366084729564,1.2226723371411898,66.75470980104191,147.65404382430054,18.756031209569862,1.4209791303377273,27.39869284185862,PDC,12.25,13.375,Formation-Z,drilling
DD00002,W001,2023-01-15 08:15:00,523.9676919848201,523.9676919848201,497.7693073855791,11.554137250682796,24.10323535161258,68.10387767925812,12.952543175612004,3946.889365349558,1689.8512383352215,99.63617589323883,1.3642673830470924,1.2874389098892525,76.87763299781211,113.97603179087949,19.594477418772613,1.3900961566619392,466.53356506932647,PDC,12.25,13.375,Formation-Z,drilling
DD00003,W001,2023-01-15 08:30:00,535.14315968045,535.14315968045,508.3860016964275,25.65428854189353,12.214146897449071,75.44309067124117,28.63384537462159,3193.8739996722747,2314.981013698926,97.20602468341106,1.22622462264227,1.3825739226845952,59.2148122767037,174.11383012608115,26.457619873293726,1.3838736983963646,480.0249563350586,PDC,12.25,13.375,Formation-Z,drilling
DD00004,W001,2023-01-15 08:45:00,560.8689811955358,560.8689811955358,532.825532135759,20.898795184020234,10.458642622012807,110.57055586728296,12.47017658085484,2030.532776722496,2957.808080677057,97.42959479230777,1.2909623265241803,1.258776078235277,74.34704177195161,188.47267943502123,25.616044774369634,1.3400700461984656,338.27697890871224,PDC,12.25,13.375,Formation-Z,drilling
DD00005,W001,2023-01-15 09:00:00,599.7583777776721,599.7583777776721,569.7704588887884,20.638871856176745,13.93075782321017,119.912262011985,23.071216490351887,3313.444004961038,1637.7900786569835,97.43883189706979,1.2421618665776584,1.3600045277936321,70.85914814493057,192.25773182685208,22.73243751888672,1.3192809513837123,205.65859668008503,PDC,12.25,13.375,Formation-Z,drilling
DD00006,W001,2023-01-15 09:15:00,623.6672123867606,623.6672123867606,592.4838517674226,18.24460662836053,13.717397370245408,116.05371734094045,25.771107351309,2820.3226812169846,2883.7824757030867,96.58610962205259,1.3705617336332996,1.2119266924781305,74.82218177065765,198.14660206396076,18.537254424306486,1.387435715246331,362.17210028605757,PDC,12.25,13.375,Formation-Z,drilling
DD00007,W001,2023-01-15 09:30:00,654.8005689288808,654.8005689288808,622.0605404824367,15.868936001056484,11.17748959293094,66.67268044180342,11.487012466538722,3782.900776517876,1876.597272250715,93.73524636423046,1.226930012107488,1.339900365497281,67.98386968231728,135.99893282051673,27.20384884824163,1.2608599061882038,462.6257938480744,PDC,12.25,13.375,Formation-Z,drilling
DD00008,W001,2023-01-15 09:45:00,675.4078707454612,675.4078707454612,641.6374772081881,26.965321891623944,14.651038079478774,90.16316144481101,18.729641783765604,3810.092223386103,2469.2588977972773,91.1446179865043,1.3663247038177793,1.2011435694253207,53.40340730742765,103.98954114415562,18.852819085379544,1.4112271244250973,382.38545349503926,PDC,12.25,13.375,Formation-Z,drilling
DD00009,W001,2023-01-15 10:00:00,712.4228561262117,712.4228561262117,676.8017133199011,5.618526101935835,19.260128942282456,107.5260196685563,27.41026883430295,2551.335058077592,1725.5889468492721,99.18081427080058,1.3826113578428074,1.245949800640282,61.17268555652778,105.2336078614699,13.105562409246756,1.2965685398036413,162.72871629450913,PDC,12.25,13.375,Formation-Z,drilling
DD00010,W001,2023-01-15 10:15:00,745.2653689491418,745.2653689491418,708.0021005016847,24.31988450856057,10.63672594061075,87.24224470537459,22.740588698659845,2294.5381298377974,2835.229328025023,99.49348422536583,1.2043672217622423,1.3273330533190266,53.823815168882504,100.18652682799355,19.020582396307187,1.3747213378636463,477.6377634770297,PDC,12.25,13.375,Formation-Z,drilling
DD00011,W001,2023-01-15 10:30:00,789.444340837157,789.444340837157,749.9721237952991,6.295130315647413,18.074804642717474,62.64270269755588,24.70406861914755,3365.786951185322,2120.1826932164768,90.12509433260855,1.2843614595762278,1.3046804192031751,66.29867575571498,149.1391245858328,24.42519871681718,1.3151778835281398,304.3539409504783,PDC,12.25,13.375,Formation-Z,drilling
DD00012,W001,2023-01-15 10:45:00,800.0740565092653,800.0740565092653,760.0703536838021,10.235273434869198,16.763560452354163,85.87118470599663,13.82799347099427,2002.175705911,1624.850227944272,97.82471753152191,1.3273932973981732,1.3498949263872275,67.5117428895179,112.79556492046208,26.97403767931587,1.291443744208792,296.52732625939115,PDC,12.25,13.375,Formation-Z,drilling
DD00013,W001,2023-01-15 11:00:00,841.413650937129,841.413650937129,799.3429683902725,9.244766869982413,15.77363790108619,74.20037288470701,13.283844020011559,3792.8757768720197,2343.9666078268388,90.50900557476331,1.332450417771176,1.3849513536492928,61.48502169825003,107.40382610007691,11.415414989251033,1.2855249426613962,239.0937387902057,PDC,12.25,13.375,Formation-Z,drilling
DD00014,W001,2023-01-15 11:15:00,886.175492354735,886.175492354735,841.8667177369982,6.732749688022139,13.27804796726495,101.80106466705732,28.981841247565804,3733.6559518333083,1744.640719234735,92.92736278169515,1.3154213364961043,1.2399003490982226,73.29084547904893,170.95630134742885,19.62139476764328,1.4395026948438685,71.2498738867061,PDC,12.25,13.375,Formation-Z,drilling
DD00015,W001,2023-01-15 11:30:00,934.7514463781984,934.7514463781984,888.0138740592884,9.632311954037306,12.769366940753264,110.06517550313188,18.377167689688015,3994.3282058759473,1527.7707810418815,93.52150509756042,1.3586857013987395,1.2188523200502617,75.73188948997095,129.95510631033832,19.73804925288671,1.4491741264790279,461.81536201117956,PDC,12.25,13.375,Formation-Z,drilling
DD00016,W001,2023-01-15 11:45:00,958.2661692993127,958.2661692993127,910.352860834347,12.213740212378458,14.014092515858174,96.13294077503289,14.247052874015417,2785.568823792878,2569.537322844244,94.21079499635538,1.2741380428620417,1.2140353908948678,52.52270829649671,112.25334191521804,19.37157206720677,1.2723074166152903,399.8351367940243,PDC,12.25,13.375,Formation-Z,drilling
DD00017,W001,2023-01-15 12:00:00,992.8509940863432,992.8509940863432,943.2084443820261,13.308219026662385,16.167877979977483,111.30907358735715,15.226340292286906,2685.1489837337504,2633.2920748413126,94.23274065673962,1.3847789412674467,1.2639536867753605,51.89722960102719,120.38432482974042,26.14348138122987,1.2520605840537204,387.09715440613695,PDC,12.25,13.375,Formation-Z,drilling
DD00018,W001,2023-01-15 12:15:00,1022.038739155818,1022.038739155818,970.9368021980271,19.285359605119112,22.316989490946312,118.47074314632052,13.637610931625062,3331.7130935694913,2902.852554358339,94.1136187288695,1.276571455124617,1.2459331158281393,78.31710343956948,155.7373808117361,18.19715050059904,1.4373133235622697,438.1404800725334,PDC,12.25,13.375,Formation-Z,drilling
DD00019,W001,2023-01-15 12:30:00,1037.226941567268,1037.226941567268,985.3655944889047,7.662959199949608,18.659879723235495,110.13797404052119,12.327062312209032,3391.1874939919608,2592.848850262528,91.25627530632478,1.3364723301531898,1.3412555667799901,74.2496329254299,181.59532298178343,27.394632266416817,1.4332861342006757,351.9648139576034,PDC,12.25,13.375,Formation-Z,drilling
DD00020,W001,2023-01-15 12:45:00,1062.2330593167785,1062.2330593167785,1009.1214063509395,19.278495100047685,13.227073828180206,106.33146457505364,11.981140252636905,2054.1523094491085,2948.791858453472,95.46019640760804,1.3072489807522862,1.2663910288073297,52.371557432249006,194.87529867796474,18.155698232361395,1.3284191658557971,115.39627258168304,PDC,12.25,13.375,Formation-Z,drilling
DD00021,W002,2023-01-15 08:00:00,500.0,500.0,475.0,25.875175944154357,21.064355130220896,95.31591989054456,13.843162926818453,2318.0762156268784,2093.5190818999413,98.45745964715353,1.3817877502509144,1.3208994717319826,65.190657187788,196.65625199011586,22.53372714052043,1.2673324768194685,216.9085419352528,PDC,12.25,13.375,Formation-X,drilling
DD00022,W002,2023-01-15 08:15:00,527.6731549946352,527.6731549946352,501.2894972449034,16.518237906043332,22.673387932750607,61.199188439658734,16.307183760093306,2276.7788194900872,2143.8706995124535,91.13812476565938,1.3889918447096197,1.3257656282785102,53.58798660060614,192.37299412750446,17.051897142958993,1.3224496877011602,201.33914873057424,PDC,12.25,13.375,Formation-X,drilling
DD00023,W002,2023-01-15 08:30:00,564.165228459334,564.165228459334,535.9569670363672,13.115114262037936,20.62350882143861,86.03937544932872,20.004369762661923,2781.258116439789,2875.9724811145247,98.93480267407998,1.3652593444999803,1.362526008026824,63.19580562807651,125.48984408894671,28.53173370820405,1.3564985807072465,361.6417295055649,PDC,12.25,13.375,Formation-X,drilling
DD00024,W002,2023-01-15 08:45:00,604.3388414287631,604.3388414287631,574.1218993573249,7.474381547366317,23.21984338960292,111.4594502550688,11.2068197808642,2585.594191910291,2219.6205979750493,96.10177825618405,1.203270177887768,1.2062096883107216,71.24723514443065,125.71461421562933,23.46408460797501,1.2965533976129826,125.29067914471887,PDC,12.25,13.375,Formation-X,drilling
DD00025,W002,2023-01-15 09:00:00,647.6855690756481,647.6855690756481,615.3012906218656,25.611451394538317,17.487753664464805,112.65256170807427,15.669927394367281,3158.7661447708538,1829.2206985877142,99.1519074357085,1.3210392954777421,1.3915469393790398,65.30690832654064,198.75933380715168,22.767108941056765,1.3568094083974178,261.70575281625923,PDC,12.25,13.375,Formation-X,drilling
DD00026,W002,2023-01-15 09:15:00,696.9966680043185,696.9966680043185,662.1468346041025,8.440666148971541,17.61994531445436,92.051425393703,24.547614400710366,2961.7343874551907,2827.38584338592,91.15506789560538,1.27010269255191,1.2008773167004925,63.053145409776604,115.47235770322162,24.757413143580255,1.3145222729733204,486.60305995788184,PDC,12.25,13.375,Formation-X,drilling
DD00027,W002,2023-01-15 09:30:00,744.0830157367285,744.0830157367285,706.8788649498921,23.636494723003718,17.757769245011893,104.59809146292935,19.011610246548436,3328.615183940072,1818.1404753805841,93.47828777162394,1.283893301274342,1.225729788726599,61.823816995256934,112.68302910471755,12.216738466541084,1.422167412431144,279.7684350869255,PDC,12.25,13.375,Formation-X,drilling
DD00028,W002,2023-01-15 09:45:00,769.1744443796949,769.1744443796949,730.7157221607101,14.748972696747915,24.564367829263432,61.110004529535985,15.4069419398431,3529.42733532873,2031.2724407267474,91.314088421201,1.2902348238389312,1.2620605190074226,67.13035000301127,160.43177761539317,14.260684443194187,1.2727165953422945,303.7483092814602,PDC,12.25,13.375,Formation-X,drilling
DD00029,W002,2023-01-15 10:00:00,794.9892842899128,794.9892842899128,755.2398200754171,18.436468099664097,20.58412355477676,102.60353494205677,16.77382937022682,2523.943528597474,1837.6129154757218,90.94978047728361,1.2796410585663838,1.2451265908243607,69.35915984880683,137.30318845748508,26.22977064254842,1.366856588740141,491.57915326864713,PDC,12.25,13.375,Formation-X,drilling
DD00030,W002,2023-01-15 10:15:00,806.6227515914557,806.6227515914557,766.2916140118829,14.508404674608686,20.211365884794244,67.19181388076406,14.139156564414069,3738.048810312234,2880.5367149356653,98.10547941926058,1.25603356597232,1.3994907388669477,79.397744316319,137.54877187881834,13.667285154264068,1.3645827032978557,257.2451801801758,PDC,12.25,13.375,Formation-X,drilling
DD00031,W002,2023-01-15 10:30:00,856.3586897536665,856.3586897536665,813.5407552659831,18.29763534716019,13.583790768304704,97.45477865019046,21.749173966276445,3290.6404663527105,1601.1251218953555,95.47217821207607,1.2208707301181945,1.3553202533164885,55.470971122657744,123.64530918536444,14.699858936708036,1.4042841024000972,478.5016730896406,PDC,12.25,13.375,Formation-X,drilling
DD00032,W002,2023-01-15 10:45:00,888.3746944209001,888.3746944209001,843.955959699855,18.03372511919596,24.45742612254115,62.631331160872996,19.333277903743532,2536.2108213466086,2813.693839290664,95.55399370959995,1.3532150917731949,1.3413152645650523,64.56543888027419,118.62614356057658,20.027714637886646,1.3933687356232585,471.27860058559787,PDC,12.25,13.375,Formation-X,drilling
DD00033,W002,2023-01-15 11:00:00,930.2260367692695,930.2260367692695,883.714734930806,27.87759147320362,10.433034423216938,116.50093941356046,24.443189056312765,3608.887804828445,2143.6795525498264,90.21728413112143,1.234360380991077,1.2707892363739726,76.63758406879425,114.97860170283006,14.92702403912479,1.3493868132415552,411.69110144659857,PDC,12.25,13.375,Formation-X,drilling
DD00034,W002,2023-01-15 11:15:00,970.9609538024325,970.9609538024325,922.4129061123109,5.432097910350205,15.661947815487785,97.21600129596125,16.016151520332908,2109.8367566888205,1831.3692056046443,92.09876077074536,1.355392583136147,1.2498089809268433,57.13417580105272,153.56312204277427,22.741554351311933,1.2973810485733699,430.2546341549675,PDC,12.25,13.375,Formation-X,drilling
DD00035,W002,2023-01-15 11:30:00,1011.82023747003,1011.82023747003,961.2292255965284,23.673273469416664,23.08543206162744,81.75186421745377,25.846659466087438,3638.4561710868047,1858.4211161610808,93.77716002307997,1.3687634758972398,1.2969020101663713,64.08031421668558,188.22993337592197,23.308604816758756,1.3876873559710874,484.90722558258847,PDC,12.25,13.375,Formation-X,drilling
DD00036,W002,2023-01-15 11:45:00,1025.3096263469834,1025.3096263469834,974.0441450296341,7.4799775675429405,12.788714463836603,74.01835690191058,13.702849568707634,3430.4284693036634,1896.575992605442,95.65318246192534,1.3813551026628383,1.375916911771882,69.55730904678407,140.49767139516456,17.41067541112695,1.3130269625872661,438.2131755626317,PDC,12.25,13.375,Formation-X,drilling
DD00037,W002,2023-01-15 12:00:00,1074.4746617105711,1074.4746617105711,1020.7509286250425,20.784311259911544,13.368535142993949,94.32850788664184,25.034879135864617,3712.1712916638608,2432.9628559719768,90.12443011624511,1.308272968931567,1.2474805627633165,70.92060345898165,136.23399095310896,25.250225512560146,1.4230250552972954,384.8646961250626,PDC,12.25,13.375,Formation-X,drilling
DD00038,W002,2023-01-15 12:15:00,1119.1398659600181,1119.1398659600181,1063.1828726620172,26.939163432378695,23.03950852298118,94.70080041241242,18.08960892976293,2621.8305445961905,2658.9748841636483,90.74765684095205,1.3203239976787196,1.3574487669587278,75.89413889184482,151.08460478414452,24.992687395316477,1.258426056686449,156.67898990049844,PDC,12.25,13.375,Formation-X,drilling
DD00039,W002,2023-01-15 12:30:00,1153.4786359479558,1153.4786359479558,1095.8047041505579,13.019512451967229,13.396531614662887,61.79997163317625,18.5483847336486,2215.3090434516407,2120.158267485837,96.15610978799418,1.3876571681893208,1.2958694816235083,59.615412290914,173.75969684024508,17.518256394910832,1.4018055624909525,193.45713603496733,PDC,12.25,13.375,Formation-X,drilling
DD00040,W002,2023-01-15 12:45:00,1190.4763344990051,1190.4763344990051,1130.9525177740547,22.46105706461524,18.64665737902685,91.85003147829039,19.684288138210388,3878.6459954509874,2905.894540190764,99.99434502022933,1.346911190162602,1.2391515897703116,76.83126177623865,193.95908377742057,13.893838913664114,1.3847492703710262,31.51248293476825,PDC,12.25,13.375,Formation-X,drilling
DD00041,W003,2023-01-15 08:00:00,500.0,500.0,475.0,7.796522317772423,10.979957899581006,110.98403833503865,21.437819944417548,3090.3619567364863,1966.4771380149705,94.64326219608654,1.3528292366333747,1.2061823708255106,78.47090775554095,154.55061911558798,26.978652702961828,1.2753155592914331,394.0956209969785,PDC,12.25,13.375,Formation-X,drilling
DD00042,W003,2023-01-15 08:15:00,512.7692584402802,512.7692584402802,487.13079551826615,16.08653078608678,12.856514443172927,74.97495022690381,27.706310747859597,2714.6067906547987,2583.97013401441,91.65482293463704,1.3050529148524808,1.326255267781563,66.27535403627276,117.7868361990607,20.49595131555399,1.2860862404731614,69.95910482650817,PDC,12.25,13.375,Formation-X,drilling
DD00043,W003,2023-01-15 08:30:00,559.3212722821224,559.3212722821224,531.3552086680163,29.56990060808134,23.00234836389371,110.06674686733294,20.843922529780688,2984.9350869743766,2684.6139506918826,93.74418297212608,1.3474973070782614,1.357970997029844,74.27597753367739,128.59512087178803,16.394373350851836,1.2875971155228152,446.09744764738707,PDC,12.25,13.375,Formation-X,drilling
DD00044,W003,2023-01-15 08:45:00,593.9111237862793,593.9111237862793,564.2155675969653,20.145396551019502,21.210257583103846,77.1682573415054,25.220148934589158,3830.4190157547255,1724.3004307240733,99.20852805583387,1.3152674240580202,1.2463488904253357,53.62992399650585,144.4186959350294,16.04385593489485,1.4203692594415451,362.35903884135774,PDC,12.25,13.375,Formation-X,drilling
DD00045,W003,2023-01-15 09:00:00,628.8302840737148,628.8302840737148,597.388769870029,12.218780554756417,17.55088491973099,80.53113417446428,13.592237970710705,3344.1009567393426,1560.7300738231106,97.31952301079784,1.2838333069289685,1.2386859664369134,65.16997720142774,147.7797454476443,29.300853120217056,1.2535718965082094,394.3208567789892,PDC,12.25,13.375,Formation-X,drilling
DD00046,W003,2023-01-15 09:15:00,671.2802678075647,671.2802678075647,637.7162544171864,16.819863768879678,13.843576223010713,65.9238447372359,16.16852544834446,3223.0590410524746,2027.6997433135086,93.20373667695314,1.2428501236936966,1.2610643154311625,51.79996107678298,184.4345929332335,21.516581770048287,1.2672076987588743,219.90186178303833,PDC,12.25,13.375,Formation-X,drilling
DD00047,W003,2023-01-15 09:30:00,684.9210078647911,684.9210078647911,650.6749574715516,17.64223890410582,13.450441044444462,62.33861517518643,20.80877593969791,3576.2204510443703,2340.959875172476,95.96708235876517,1.282362633754187,1.2535987169624665,60.66282716246886,120.01075565410054,14.815856340452683,1.353746598918926,444.7398143008504,PDC,12.25,13.375,Formation-X,drilling
DD00048,W003,2023-01-15 09:45:00,699.7106593209334,699.7106593209334,664.7251263548867,17.53346716293982,24.233123973259183,84.07536999721567,13.23620706465321,3803.868951603701,1550.0938757992442,93.74139417268267,1.3394997092050527,1.3462016598084083,63.77678654708521,166.44291095237003,12.598187310214573,1.266832423543656,310.7047155565158,PDC,12.25,13.375,Formation-X,drilling
DD00049,W003,2023-01-15 10:00:00,729.7957806955034,729.7957806955034,693.3059916607282,12.285812451027578,11.734323336174981,104.67502836411808,25.884575593072597,3384.4568767564415,2813.890019992299,94.36454479417931,1.3832354571266092,1.3483244516244477,74.37336218889575,113.32777630702464,28.988470605320227,1.3242264649198334,216.87454160928385,PDC,12.25,13.375,Formation-X,drilling
DD00050,W003,2023-01-15 10:15:00,764.1931999594002,764.1931999594002,725.9835399614302,21.544168977341897,24.7806595785002,107.27092314337818,25.014368623444305,2684.9654481671905,2724.166659994623,93.49785024604977,1.2540112220158046,1.3613481215374217,66.38046007969626,112.36202586416448,19.485551357216764,1.3939774582545041,454.6398160666348,PDC,12.25,13.375,Formation-X,drilling
DD00051,W003,2023-01-15 10:30:00,803.6061877846677,803.6061877846677,763.4258783954342,27.49512977694679,21.75355379391003,101.14356172220397,23.019137282828524,3738.788724182963,2932.7688767590435,99.62320356762754,1.3849139246195983,1.2407162127338136,55.42469543482451,135.11868154457014,19.845029499956794,1.273643108148499,444.6357743998091,PDC,12.25,13.375,Formation-X,drilling
DD00052,W003,2023-01-15 10:45:00,828.2824859363801,828.2824859363801,786.868361639561,28.09541296308553,23.695822223013447,103.48440890085797,13.218466155265162,2632.1864383551565,1686.252715825419,90.64157008088117,1.2505015851187309,1.3604983487682643,55.645619212478195,173.40649542196365,10.251986114579035,1.3467575969465035,118.79559613590978,PDC,12.25,13.375,Formation-X,drilling
DD00053,W003,2023-01-15 11:00:00,856.724634842681,856.724634842681,813.888403100547,21.078169253081523,16.043501563100897,64.29183199961624,14.368208817308666,3321.695693769424,2473.4564564523057,97.29285841744701,1.3304153450839815,1.2954427919435088,60.839105227442346,174.54430561566258,25.185468094283397,1.3959490149722504,273.4282376453636,PDC,12.25,13.375,Formation-X,drilling
DD00054,W003,2023-01-15 11:15:00,894.900234438092,894.900234438092,850.1552227161873,10.130210802730204,19.407343968036233,118.63239524738275,17.386032379774825,3790.4311468236974,2805.8432682276343,99.11834722850011,1.3085470252530447,1.397509668059141,76.70767528057327,127.5725489962501,17.915530384476686,1.2668569947944563,463.95988178333624,PDC,12.25,13.375,Formation-X,drilling
DD00055,W003,2023-01-15 11:30:00,940.9053648713734,940.9053648713734,893.8600966278048,21.07235116318258,17.21329589144833,98.51766842944348,20.62341785627709,3106.2435110880533,1662.8913968862948,98.41984391292989,1.3139918288926609,1.2783664530022607,64.43669502220462,199.98687157231376,19.259670842463954,1.2839667523177747,116.7888652726298,PDC,12.25,13.375,Formation-X,drilling
DD00056,W003,2023-01-15 11:45:00,960.9541636277124,960.9541636277124,912.9064554463267,23.30807293923373,24.765043971758423,106.24870832532577,11.292164385010533,2274.560444995105,2933.80042144474,90.29344801608624,1.301337959306002,1.383942227942564,60.14141883656187,122.64165044804629,20.31539145581938,1.3219265169350427,156.88568531813505,PDC,12.25,13.375,Formation-X,drilling
DD00057,W003,2023-01-15 12:00:00,971.618599657819,971.618599657819,923.037669674928,11.796064255674525,12.95727900525411,66.31645194045561,23.63104491272611,3844.6465192454593,2321.8477783282246,98.84612214763517,1.2431655725753927,1.3928089907895393,79.15142794040688,117.68511661934548,17.379717702696567,1.4148836331339094,27.64868133323577,PDC,12.25,13.375,Formation-X,drilling
DD00058,W003,2023-01-15 12:15:00,1003.1103924928565,1003.1103924928565,952.9548728682136,7.718986878207064,16.235525922717407,91.46749749796871,15.791252029494085,2212.604895512434,2623.127536048869,95.50540575970511,1.3421642305297368,1.2896758647649458,66.53092114541602,135.29781408209953,24.523869119833638,1.301895549888985,243.36986945251715,PDC,12.25,13.375,Formation-X,drilling
DD00059,W003,2023-01-15 12:30:00,1023.064747480326,1023.064747480326,971.9115101063096,28.089947818692586,22.41949602863996,110.13799608178653,24.444454114248558,3717.1056712136315,1850.8825829161306,90.83822820070334,1.215877661221147,1.3517817433303594,76.23257811443037,121.13783749653982,20.229850287320122,1.2939033825993989,298.49644512286244,PDC,12.25,13.375,Formation-X,drilling
DD00060,W003,2023-01-15 12:45:00,1043.3527654452462,1043.3527654452462,991.1851271729838,19.338892232347384,16.24159559987328,108.56715364181163,12.963995518956697,2384.81592823169,2955.3238193328357,92.54348604906042,1.2976807136297182,1.3865578797236526,75.19119069859556,194.20682324563907,10.446989429170427,1.259180326808528,173.14561040769672,PDC,12.25,13.375,Formation-X,drilling
DD00061,W004,2023-01-15 08:00:00,500.0,500.0,475.0,29.6571503115577,21.604339837060625,88.09071251479531,23.383452948786562,3307.4185242547464,2412.9454578546183,97.82493780883574,1.3954861018850704,1.3245670666107698,66.6362881708274,174.77861680286082,17.90395671703832,1.3269383689247403,383.38223172893197,PDC,12.25,13.375,Formation-Y,drilling
DD00062,W004,2023-01-15 08:15:00,534.7425939364914,534.7425939364914,508.0054642396668,22.624803148062888,22.719944626502585,109.24460384306214,28.61138522238636,2351.7259434311545,1620.0225039523898,97.80976662706034,1.3959355031343663,1.287855365659592,64.80520363208788,177.13710792379106,28.01655383734064,1.360725975817963,274.8392832307468,PDC,12.25,13.375,Formation-Y,drilling
DD00063,W004,2023-01-15 08:30:00,559.5449350930378,559.5449350930378,531.5676883383859,6.791755673889508,13.473366340555694,67.78804447075392,11.422393621042886,3928.9615730390087,2290.231133696068,91.9037343478122,1.3689053571280536,1.2966340977475947,69.46914630048008,155.3401848540469,16.94076655278924,1.434406651152233,276.8173862383694,PDC,12.25,13.375,Formation-Y,drilling
DD00064,W004,2023-01-15 08:45:00,605.2127435484438,605.2127435484438,574.9521063710215,16.797080712864446,11.582290339538918,68.61443263023823,27.525495758648177,2047.8704857644216,2990.4741589123287,90.49221363069681,1.3452890205033912,1.3480110323513208,68.68483049633912,189.8915594031887,16.84617943161541,1.2862058928278184,180.35561921401055,PDC,12.25,13.375,Formation-Y,drilling
DD00065,W004,2023-01-15 09:00:00,653.6155465243019,653.6155465243019,620.9347691980868,19.311937529039085,11.954760216284255,69.29078984496374,19.895743998105537,2550.4960477055242,2144.2724491035337,96.08417752047058,1.3866919434467364,1.345330540872363,73.43260028582252,155.6199597200251,20.752572491520944,1.3635706013880053,379.99739099990467,PDC,12.25,13.375,Formation-Y,drilling
DD00066,W004,2023-01-15 09:15:00,691.4830995086703,691.4830995086703,656.9089445332368,22.540481261494637,18.689852467736074,73.4107310765712,12.737043401781687,2826.6858594746664,2646.697684942152,92.27728446734622,1.3596486191182615,1.2180408993498666,61.435708947549486,134.66266640284587,16.54288373814765,1.2830395821508784,409.3995168794259,PDC,12.25,13.375,Formation-Y,drilling
DD00067,W004,2023-01-15 09:30:00,732.0719881568211,732.0719881568211,695.46838874898,28.94950890062226,20.10492017996579,100.30355353584275,24.545365588415216,3760.1889310152565,1788.6831074718189,92.53506114392756,1.3976194622855431,1.2666857468097212,73.0306320443381,164.9032467278508,21.38253830146151,1.2798325974753597,109.09179767420636,PDC,12.25,13.375,Formation-Y,drilling
DD00068,W004,2023-01-15 09:45:00,780.4340260822282,780.4340260822282,741.4123247781167,21.371891201829616,15.404595593792406,92.61244171650927,29.690835674243818,3785.0336287025048,2094.910160603693,98.84370410179304,1.2707223454821341,1.2331499455551904,76.15479101035453,199.9474887260575,13.292597543657765,1.3722658920873014,181.76388400152828,PDC,12.25,13.375,Formation-Y,drilling
DD00069,W004,2023-01-15 10:00:00,810.7363226561324,810.7363226561324,770.1995065233258,29.02885097352341,20.3600968314066,65.44684881479547,29.721209359924647,3224.763039153485,1818.5681418227464,95.19126743901519,1.322297908424119,1.3334831575372874,52.50144062213812,197.18496729256788,27.20504789650533,1.2799772067105306,187.80712939806614,PDC,12.25,13.375,Formation-Y,drilling
DD00070,W004,2023-01-15 10:15:00,845.6303495910447,845.6303495910447,803.3488321114925,6.747345593459995,12.955277880292341,81.89525743916619,21.61332043818441,2337.483280317111,2419.439980711357,92.14850098389978,1.2694987313438735,1.3280494583690239,78.18082408405003,138.95241923702451,25.492573592246792,1.2765685629190737,394.56057589085026,PDC,12.25,13.375,Formation-Y,drilling
DD00071,W004,2023-01-15 10:30:00,863.5096722726403,863.5096722726403,820.3341886590082,16.09410673332778,21.299782057158694,99.10282066559077,19.05634378432605,2855.804032489661,2948.759070920726,95.04204718195778,1.257226737131268,1.2043871735498863,55.646439927638994,167.75228325017525,19.155963479258823,1.2945883959558149,156.9426523832526,PDC,12.25,13.375,Formation-Y,drilling
DD00072,W004,2023-01-15 10:45:00,893.2137931410527,893.2137931410527,848.5531034840001,13.523472350825001,20.464792805976415,93.00639228194058,16.575459832345917,3204.253622826729,1807.755435465634,95.26896781665594,1.2798032211150883,1.391574101718778,56.744706823232974,154.389967423865,24.052123288279176,1.3379180361963148,260.8067308385875,PDC,12.25,13.375,Formation-Y,drilling
DD00073,W004,2023-01-15 11:00:00,938.0303986545099,938.0303986545099,891.1288787217843,8.84638412657984,22.057649757607038,106.3961732185289,26.071103368134917,2684.1997160436435,1542.2280945023863,90.0758118280284,1.356956919373048,1.2485299606680438,63.862162309480624,151.46845359076656,15.7839161769285,1.321349730016173,398.0316222907545,PDC,12.25,13.375,Formation-Y,drilling
DD00074,W004,2023-01-15 11:15:00,967.0660911214161,967.0660911214161,918.7127865653453,5.507637567012257,10.219128862522206,81.8684158898266,22.400029697020365,3480.3996753679453,2702.5569766122235,92.06681682375905,1.2867534360065196,1.3390915303866775,52.87794334378825,148.10813400087468,17.384982927925453,1.4001877068079307,376.2501662577271,PDC,12.25,13.375,Formation-Y,drilling
DD00075,W004,2023-01-15 11:30:00,1005.5480146176421,1005.5480146176421,955.27061388676,27.764876977337998,24.081902503434307,71.95565627754792,13.763728653436138,2714.152626129256,2256.87253120326,94.92120009042236,1.3733536303500427,1.338458144941365,68.89967382134027,138.51489067042922,17.219977598279122,1.4265087253816433,53.378626318882965,PDC,12.25,13.375,Formation-Y,drilling
DD00076,W004,2023-01-15 11:45:00,1026.410735357852,1026.410735357852,975.0901985899593,29.202838494306523,13.392172215541368,101.22836134919145,14.06466003706001,2508.2000936799864,2524.6378633237236,97.8762972399223,1.2525113272070003,1.3615498582419994,68.26243613354927,166.94307361054956,22.717926557492753,1.3749110233362072,173.600852101567,PDC,12.25,13.375,Formation-Y,drilling
DD00077,W004,2023-01-15 12:00:00,1059.617958409094,1059.617958409094,1006.6370604886392,9.7106910461754,17.694755675794923,104.98913464535269,10.358936167524009,2228.2938781219123,2491.7285902547674,95.0201630916102,1.2796639998937709,1.2253164711755287,68.10449827335114,121.78579364993448,25.899515406085833,1.259155180099996,405.5910922971264,PDC,12.25,13.375,Formation-Y,drilling
DD00078,W004,2023-01-15 12:15:00,1091.8634954221684,1091.8634954221684,1037.2703206510598,13.607027550788086,24.812905121517066,95.24865648728388,17.68004165809206,3954.5338275278327,1941.9313007437918,90.51130161565365,1.257906138390043,1.328718101600349,70.45137441799139,162.28338907784575,21.33109004863243,1.41125683194079,137.30320477549606,PDC,12.25,13.375,Formation-Y,drilling
DD00079,W004,2023-01-15 12:30:00,1114.30697529344,1114.30697529344,1058.591626528768,27.96407661187274,16.05377757256214,107.22199850541332,14.019224658023761,3887.9570856931923,2786.8983688287244,96.69390604744939,1.2301023536627567,1.216952062002393,52.67252378104498,155.0144043029199,24.303260138911135,1.3434203709088823,249.00629287701864,PDC,12.25,13.375,Formation-Y,drilling
DD00080,W004,2023-01-15 12:45:00,1132.8061264485352,1132.8061264485352,1076.1658201261084,13.695028718583245,13.781331287488001,113.4430024981699,19.932636136238273,3420.6975830300953,2051.548035004708,93.46257246228294,1.3582671538956708,1.360484294214194,52.02043876257556,102.04892973470832,21.083243232265072,1.2514586359289954,12.982860859998958,PDC,12.25,13.375,Formation-Y,drilling
DD00081,W005,2023-01-15 08:00:00,500.0,500.0,475.0,7.130344787315339,15.068971498917001,92.62032002079509,21.853262310824533,3984.6602998734916,2245.2582803068854,96.46088571692945,1.397032851563115,1.3103458364203153,51.6974967847818,186.33255518432796,28.30569681193127,1.3732717556957819,91.75301305439339,PDC,12.25,13.375,Formation-Z,drilling
DD00082,W005,2023-01-15 08:15:00,532.3005109263806,532.3005109263806,505.6854853800616,24.054911347487703,12.740966093421104,74.10979785308459,24.542864017045005,2341.9268040987595,2275.0277830600785,97.26807152063908,1.3945560440897722,1.3823890992474255,57.3036113189708,104.70282453549524,26.408371278007056,1.4210810270155851,495.23647621096353,PDC,12.25,13.375,Formation-Z,drilling
DD00083,W005,2023-01-15 08:30:00,555.9900897154088,555.9900897154088,528.1905852296383,27.292563398303514,13.201896458555145,97.64080050344305,15.74112146255501,2028.0986664466998,2893.648849622514,98.88439807013047,1.3029615050310823,1.2925774777332826,61.74066384694248,142.22972022542385,22.72386032977343,1.3579913399577388,394.2223888532453,PDC,12.25,13.375,Formation-Z,drilling
DD00084,W005,2023-01-15 08:45:00,598.3108366359071,598.3108366359071,568.3952948041117,19.153953070224368,10.958361843456982,60.80409377890788,11.503275572714555,3464.1826109927383,2488.55923409274,97.5122904751647,1.3547016958894633,1.3954188412429878,69.02368081458711,117.23172392545526,17.40361695993321,1.4053914360905702,430.50062475000334,PDC,12.25,13.375,Formation-Z,drilling
DD00085,W005,2023-01-15 09:00:00,610.0925147650646,610.0925147650646,579.5878890268114,17.709314836014855,18.377353619230885,106.64133599804609,26.544942689035175,2474.018478485659,1725.523405379318,97.74679685325552,1.382035575563941,1.240436792714614,78.5630271409156,144.10339292081068,15.654941683285426,1.3988964816833018,210.11122437539436,PDC,12.25,13.375,Formation-Z,drilling
DD00086,W005,2023-01-15 09:15:00,649.7417225399206,649.7417225399206,617.2546364129246,18.05731717684187,13.612172181457332,102.93664073868095,29.421477154779822,3975.0920924475386,1624.7911869213926,93.98010819837117,1.2978260125970789,1.3978774931910094,74.34865434247718,143.93976352835358,23.441289607435095,1.3776094471258606,284.29588461941097,PDC,12.25,13.375,Formation-Z,drilling
DD00087,W005,2023-01-15 09:30:00,677.3156536533112,677.3156536533112,643.4498709706456,14.631899993616324,10.816554189909908,90.88337089656632,10.8781249793226,3439.699630868187,2734.4750315637402,94.46742032804168,1.2179766280244815,1.219255935454656,79.823033057799,130.62313901833969,13.953478634435893,1.421679278620538,245.2961958154186,PDC,12.25,13.375,Formation-Z,drilling
DD00088,W005,2023-01-15 09:45:00,689.4996331516252,689.4996331516252,655.0246514940438,10.776244329688758,21.589637772995346,106.84838783375443,20.152708946551595,3970.08526118034,2619.53317902094,95.33680254976456,1.3893360452704073,1.3077594630677247,61.14303353885238,126.42141570932456,18.90682118901023,1.4144735221601374,340.2676569766051,PDC,12.25,13.375,Formation-Z,drilling
DD00089,W005,2023-01-15 10:00:00,704.9182193856066,704.9182193856066,669.6723084163262,16.229258772918868,24.00149864272462,70.85056738924735,17.77721758695392,2102.2904343589516,1801.1830354938586,97.45142204282115,1.3563274314395182,1.3208667089264245,68.71724721854726,174.43108275578055,21.377823117507546,1.3288191209667626,234.61555626294685,PDC,12.25,13.375,Formation-Z,drilling
DD00090,W005,2023-01-15 10:15:00,719.098858456875,719.098858456875,683.1439155340312,24.65908457723794,20.42930841115583,109.88799027646121,19.46233647636769,2104.7416591793776,2844.1078810837053,95.86260582765148,1.3384036360799492,1.3898802343723076,71.90576397186231,160.77305760900103,23.08840261933389,1.3530327301116971,138.56792391609005,PDC,12.25,13.375,Formation-Z,drilling
DD00091,W005,2023-01-15 10:30:00,738.3387272987497,738.3387272987497,701.4217909338122,8.1840893208137,17.87025228507236,95.75300449707365,27.979527826089797,2278.760279024376,2993.983138402209,96.13841362351437,1.277866428995271,1.3800154996955671,70.85955612045234,158.58913275291468,19.635266032972545,1.4415197464854232,62.156815732335446,PDC,12.25,13.375,Formation-Z,drilling
DD00092,W005,2023-01-15 10:45:00,764.1392688197444,764.1392688197444,725.9323053787572,10.330976251814114,24.39376752941411,98.40322138308207,15.01553953021335,3266.2017580297343,1848.3028945411054,92.62553606738949,1.3717759123863908,1.3717912299189103,54.997531739691254,181.978844975373,27.269802740434873,1.440830437774528,165.5689438917633,PDC,12.25,13.375,Formation-Z,drilling
DD00093,W005,2023-01-15 11:00:00,811.9102535142139,811.9102535142139,771.3147408385031,7.852084611878123,20.277239540392088,82.42752382217827,11.914511394676408,2781.9522969184427,1613.0550370008157,90.74249520592154,1.3808329106505857,1.3198348452136297,78.6160209061953,154.02358012553395,14.250642372595951,1.331634464831788,360.8611976960901,PDC,12.25,13.375,Formation-Z,drilling
DD00094,W005,2023-01-15 11:15:00,830.3394924966548,830.3394924966548,788.822517871822,11.015364151049651,21.82926497099525,114.72647649224339,26.496231830602976,2978.289457808577,2518.0662686521855,97.76215964301798,1.2181660140372645,1.2762676894682752,50.39366812087207,105.9629724510823,27.123548528174467,1.3076241026247106,353.11252778813974,PDC,12.25,13.375,Formation-Z,drilling
DD00095,W005,2023-01-15 11:30:00,861.3580528001694,861.3580528001694,818.2901501601609,20.60129516014966,12.63133182409755,66.69013803642959,16.917947888990973,3957.0234542191556,1846.3779728550462,93.22699527188854,1.3073861014296864,1.2996847751214902,77.8386589933564,199.04845212046493,28.292226743843027,1.2646803872845989,429.3410856979323,PDC,12.25,13.375,Formation-Z,drilling
DD00096,W005,2023-01-15 11:45:00,909.9343308949757,909.9343308949757,864.4376143502269,17.372349147591166,23.450019818750228,97.38235738732797,10.50905100231674,2983.1257488971532,2123.594526826456,94.08639827799321,1.2452322846395798,1.3041952059855773,65.70217409531969,136.59030521756898,13.78908767096997,1.3324565098433265,126.68129199953769,PDC,12.25,13.375,Formation-Z,drilling
DD00097,W005,2023-01-15 12:00:00,924.218697418996,924.218697418996,878.0077625480462,14.273658596420592,11.678757988399195,106.53129817188677,27.690287561615786,3250.6359054257537,2743.0877739675852,96.33366298328784,1.2620628200769168,1.328199590433719,56.11109568497571,109.0549965202404,18.688095351532937,1.428236399590599,15.930313973864969,PDC,12.25,13.375,Formation-Z,drilling
DD00098,W005,2023-01-15 12:15:00,961.3229168949185,961.3229168949185,913.2567710501726,12.969977035583986,23.72483468915466,73.2864999401666,18.82584648877747,3183.4569147157154,2593.9140529233637,95.45440254505897,1.3422090499821637,1.392764288785366,55.05470263133826,111.72655223082513,23.54649999287429,1.2570545776196225,497.1578527206289,PDC,12.25,13.375,Formation-Z,drilling
DD00099,W005,2023-01-15 12:30:00,972.1623231316507,972.1623231316507,923.5542069750682,23.120218450421017,22.987721454879107,72.06465383798617,24.497611629214102,3341.6302261954143,2734.825181618361,95.55181424286448,1.28870762954152,1.3579443920189376,54.418606848202806,187.9781916252884,13.971281140430605,1.3496941761753616,42.40175537176396,PDC,12.25,13.375,Formation-Z,drilling
DD00100,W005,2023-01-15 12:45:00,1005.5459134492252,1005.5459134492252,955.2686177767639,20.96544070057889,13.840901163480492,65.87723188397759,29.419958911232907,2265.3761109662482,2421.1918658800078,98.77607804130429,1.332392074564312,1.3582728979586136,56.193531649482615,103.59766124715972,11.17751982173135,1.2845223647173256,365.4821910224628,PDC,12.25,13.375,Formation-Z,drilling
DD00101,W006,2023-01-15 08:00:00,500.0,500.0,475.0,6.983693108425877,10.51385818454761,87.1286623232934,20.690555988144165,2737.4931507831025,2455.6010992681695,90.11213079813959,1.3738895547366603,1.303161874656906,53.02286766882032,181.52338649924775,24.064766113869993,1.3311833139640938,221.41283133265142,PDC,12.25,13.375,Formation-Z,drilling
DD00102,W006,2023-01-15 08:15:00,542.6124305408591,542.6124305408591,515.4818090138161,17.375861347724097,21.288743800757864,84.4844084623626,10.868863071147592,3571.8953319024886,2222.7328362538346,92.63469688899366,1.3872844257731602,1.3802850817843986,58.01764767617385,160.44358671769373,22.413663279755465,1.395467478068951,367.05443892627886,PDC,12.25,13.375,Formation-Z,drilling
DD00103,W006,2023-01-15 08:30:00,577.2936459843033,577.2936459843033,548.4289636850881,16.65965064103934,10.651095484815492,70.85005079215472,13.67522052966958,2883.467887291422,2051.4418567944786,97.63979910829642,1.3912395615711541,1.3412750425217934,74.68121125487214,165.03112725613585,14.681000344785657,1.364644290769277,416.81129164519183,PDC,12.25,13.375,Formation-Z,drilling
DD00104,W006,2023-01-15 08:45:00,588.3955299013004,588.3955299013004,558.9757534062353,8.963463565091022,16.89068288915496,118.20409400214466,22.89073193400874,2284.6309811784345,1640.1673177646271,91.84467950482026,1.2923858568652296,1.2502773713347781,50.89304582115076,191.66249121616983,12.430313102788173,1.3524420257541991,327.5074300398101,PDC,12.25,13.375,Formation-Z,drilling
DD00105,W006,2023-01-15 09:00:00,604.2345418036878,604.2345418036878,574.0228147135033,19.167180987408567,16.089193029948326,116.692643856715,15.55490279294973,2203.2087304290335,2648.248882264518,91.6997080591747,1.211474049326807,1.3982368266000278,53.29473701442995,105.91546486471701,15.73930278844329,1.3511744121059388,161.06761087448416,PDC,12.25,13.375,Formation-Z,drilling
DD00106,W006,2023-01-15 09:15:00,633.8160014831734,633.8160014831734,602.1252014090147,19.362139747500095,15.345785981748136,108.04914997596248,16.36814015623199,3317.7910805805336,2941.0743620808225,94.13930837109379,1.375541803866606,1.2275283626900906,61.27465163255839,192.79431743786557,17.743393870140125,1.4004655501910028,105.22068458023726,PDC,12.25,13.375,Formation-Z,drilling
DD00107,W006,2023-01-15 09:30:00,678.2660494147424,678.2660494147424,644.3527469440053,28.10914228769874,21.088652754276914,111.85633388174203,13.726557669256096,3900.127280369804,2484.601131638157,90.53838232192575,1.373164127265724,1.2320898346702753,72.84421669764978,157.47658246781344,22.45758620121887,1.3768792006084027,58.38545215633091,PDC,12.25,13.375,Formation-Z,drilling
DD00108,W006,2023-01-15 09:45:00,706.6242029789813,706.6242029789813,671.2929928300322,11.337983566443882,20.958942795333336,91.33377635933985,10.409759044043343,3349.518161792415,1673.4680820397814,91.23176794139142,1.3010116041312223,1.2074333456003972,58.78638958536652,139.0731993437571,29.811526606707847,1.2775495114076258,142.5348477112893,PDC,12.25,13.375,Formation-Z,drilling
DD00109,W006,2023-01-15 10:00:00,722.8359510355491,722.8359510355491,686.6941534837716,13.062765933395234,24.514824565241973,76.24251930214972,21.67166799334648,3164.1901770903996,2564.1050279882484,91.67161465327192,1.3233792320631592,1.281720304309751,78.00122402560255,119.75233667212727,15.471138566985728,1.3076686744979165,184.1501915726125,PDC,12.25,13.375,Formation-Z,drilling
DD00110,W006,2023-01-15 10:15:00,758.5677345191674,758.5677345191674,720.639347793209,5.258798217387756,10.994052079531965,83.36856072169392,27.541251786584837,2124.931022750583,2651.3642124189164,98.99597466772605,1.2521926336056897,1.2956753370093452,66.13419556956438,182.91414400860853,17.512750598340006,1.4440108715474442,406.12072183153145,PDC,12.25,13.375,Formation-Z,drilling
DD00111,W006,2023-01-15 10:30:00,793.1094214861014,793.1094214861014,753.4539504117963,10.27623578590779,20.442208925038486,78.27239586725943,27.555495284844124,2170.2882368280293,2321.9960698637,98.16566168365819,1.3052311601121025,1.344042316803882,76.47140279114447,195.15638742561387,24.54148269194374,1.2715817056947438,466.2465655203764,PDC,12.25,13.375,Formation-Z,drilling
DD00112,W006,2023-01-15 10:45:00,805.4315563602634,805.4315563602634,765.1599785422502,25.790830990924288,18.650531378731618,77.21043984970241,11.041633970944723,3080.9124254377957,2403.9211381649393,96.5795364164442,1.2814514079628427,1.358125993398144,63.65842116998406,118.64960734238383,16.706101641600597,1.3091047516198278,74.56578921420032,PDC,12.25,13.375,Formation-Z,drilling
DD00113,W006,2023-01-15 11:00:00,829.2554481948761,829.2554481948761,787.7926757851322,10.183750177186212,10.717327847204338,84.49168337022799,15.775243700449128,2989.684470298949,1959.9128634196475,97.2382884298251,1.3119478461339449,1.3636362790124337,70.24899404620906,156.76798153848472,25.31998201788979,1.3051565185648388,71.77572778371962,PDC,12.25,13.375,Formation-Z,drilling
DD00114,W006,2023-01-15 11:15:00,840.5119174866883,840.5119174866883,798.4863216123538,29.933806412922632,22.177592517206165,70.65465233047982,28.305562934271144,3566.981523748324,1561.7814100440273,94.20400339788232,1.3468261140504048,1.2249923289300206,50.94750585723852,135.3175548927859,26.53887325035422,1.4041552427622928,474.37515575353905,PDC,12.25,13.375,Formation-Z,drilling
DD00115,W006,2023-01-15 11:30:00,871.2389066659138,871.2389066659138,827.676961332618,23.014991922187768,13.497108281312224,88.90232752614678,10.985613135107178,3999.5206551735087,2179.2873068784534,95.02702981547942,1.322686744630943,1.2009955936302608,77.06100837235786,164.81902491860313,16.63929973199707,1.2953572128666417,140.94751887868827,PDC,12.25,13.375,Formation-Z,drilling
DD00116,W006,2023-01-15 11:45:00,911.7805192707146,911.7805192707146,866.1914933071789,20.01509163991172,17.688839994822928,112.18385109101064,10.568469053947942,2453.407182346369,1765.5088499953195,90.06401584478732,1.3225178043194985,1.3418032884293534,51.451988659301335,190.83502514969885,12.933498892917548,1.27809180778939,414.8495508535984,PDC,12.25,13.375,Formation-Z,drilling
DD00117,W006,2023-01-15 12:00:00,926.5712274632625,926.5712274632625,880.2426660900993,16.524279129966345,15.586200074383239,117.08520917277353,27.338361352336744,2947.824240895564,2413.427139215218,90.66932729451129,1.201206954029914,1.3991806059679506,59.79570737230856,113.46384331106064,17.434345949422315,1.3880169008296617,243.66987101842892,PDC,12.25,13.375,Formation-Z,drilling
DD00118,W006,2023-01-15 12:15:00,947.6856969371258,947.6856969371258,900.3014120902695,29.59994759276735,24.88700739138087,82.46947689364906,15.726107807489914,2597.62280995413,2606.8658177717853,92.83927525612684,1.2689009434666838,1.3141014679525662,59.60031856320676,114.61128284527817,12.11314379487453,1.2783175144628383,164.0872842613698,PDC,12.25,13.375,Formation-Z,drilling
DD00119,W006,2023-01-15 12:30:00,961.4589166452456,961.4589166452456,913.3859708129833,9.781103447463444,14.716660098901361,77.15381045845743,20.836115128673146,2559.676987273544,2115.8714017911,91.76144853621435,1.2984336884306273,1.3145927992468898,56.07419688636684,154.93526706882778,13.95807228480949,1.3528668189726618,335.55185218933104,PDC,12.25,13.375,Formation-Z,drilling
DD00120,W006,2023-01-15 12:45:00,985.6902779045928,985.6902779045928,936.4057640093631,29.94546215244967,12.95222450211535,89.58912589599521,25.43293431139713,2125.373167860617,1631.771815300471,96.81729152104776,1.3782159801143388,1.2784273025778277,65.73572234374518,100.85312435968632,24.360448158698,1.3620957575413328,101.97447630964811,PDC,12.25,13.375,Formation-Z,drilling
DD00121,W007,2023-01-15 08:00:00,500.0,500.0,475.0,13.972142185023685,18.682349328322346,114.90597356394228,23.048137409474922,3113.048284546675,2815.380991052455,97.61869805484467,1.282795240784929,1.2609016614337516,60.577357763755955,188.28468781286074,16.858750565057807,1.274175591839691,384.1005833122665,PDC,12.25,13.375,Formation-Z,drilling
DD00122,W007,2023-01-15 08:15:00,516.7437108801948,516.7437108801948,490.9065253361851,11.04497480567672,10.561761732048168,85.19959013475076,18.67791810976187,3991.2262233987403,2333.254710908582,92.52217876119434,1.3367661546238632,1.3572359577928648,71.68485037466637,145.75369933053068,28.94960489572462,1.2533940218053914,494.3305235077403,PDC,12.25,13.375,Formation-Z,drilling
DD00123,W007,2023-01-15 08:30:00,563.3287161785254,563.3287161785254,535.1622803695991,26.59182539367213,24.59844255133854,96.29821076070832,25.473677068392025,3185.602099062653,2058.903197436361,99.09738402002006,1.2828841830186828,1.3853537736907966,75.91326566970017,108.55015900493912,10.390152514933902,1.3274187459566467,38.45715900011169,PDC,12.25,13.375,Formation-Z,drilling
DD00124,W007,2023-01-15 08:45:00,595.1074900603983,595.1074900603983,565.3521155573783,27.218229911337968,22.79837269842271,85.21498518288934,26.619709161163417,3554.9760231383425,1550.2965037826123,91.63313006489646,1.3426450911443477,1.2499945251770515,74.4492505948586,129.0553276697201,24.989063555462998,1.2876862958680484,11.848845503564862,PDC,12.25,13.375,Formation-Z,drilling
DD00125,W007,2023-01-15 09:00:00,612.7241898419923,612.7241898419923,582.0879803498926,5.123983903506794,21.059756533103617,109.17777121383597,20.501884563325277,3420.9659841906414,1641.0939004799034,98.10484206044924,1.3152908326107204,1.3789136422955606,63.1749666804606,142.3248290239509,25.05762850633873,1.3472752150622267,461.29873072901677,PDC,12.25,13.375,Formation-Z,drilling
DD00126,W007,2023-01-15 09:15:00,646.0104785928876,646.0104785928876,613.7099546632431,21.166504235587446,21.75122545256869,89.0764443392527,25.237976894071483,3546.3847737757924,2600.9443052793367,91.64459204046882,1.3180383371608364,1.3294223196844497,62.2088098517133,108.99364850500409,22.213817994037033,1.4230234525984855,473.97188638615273,PDC,12.25,13.375,Formation-Z,drilling
DD00127,W007,2023-01-15 09:30:00,657.0907844867706,657.0907844867706,624.2362452624321,17.22454027447815,16.338895940057178,108.76948584189745,23.940444297604166,2747.456179047053,2299.073884523198,92.80710510398494,1.3922947567115234,1.3669617117019242,52.168334158416265,168.20286037007372,22.623725687415757,1.3449340966969907,153.11783122075795,PDC,12.25,13.375,Formation-Z,drilling
DD00128,W007,2023-01-15 09:45:00,694.4078616093288,694.4078616093288,659.6874685288624,19.099968269765974,12.906476280587771,88.53649672675256,16.18510124423179,2034.0173332533845,2964.7807263996033,94.25002772675754,1.2880836263375282,1.3918001326825538,55.727430349581056,131.2119482062811,25.76172496841017,1.4416165971284602,400.01100938792644,PDC,12.25,13.375,Formation-Z,drilling
DD00129,W007,2023-01-15 10:00:00,717.0258698721098,717.0258698721098,681.1745763785042,10.855617494394984,17.913942665062493,98.52417564437135,29.22207327653149,3620.541960524437,1934.439973766934,95.90191038736712,1.2097041814978202,1.2364566108957233,78.4152300762219,190.85384644057538,26.71369932464154,1.2648699563801353,345.3724889020733,PDC,12.25,13.375,Formation-Z,drilling
DD00130,W007,2023-01-15 10:15:00,762.4154478899034,762.4154478899034,724.2946754954081,19.628753004091433,10.23003722270635,78.35541639161312,12.946610475871562,2330.449465452023,1849.0981093199007,99.09748935461705,1.2910725200963005,1.3477168047090005,74.45231298426933,139.92091530427234,18.83392548160623,1.2764743645176686,371.669531613208,PDC,12.25,13.375,Formation-Z,drilling
DD00131,W007,2023-01-15 10:30:00,773.3763039842474,773.3763039842474,734.707488785035,11.388301149589104,10.948526036141043,68.58242494056826,15.277309869120606,2937.887672797375,2827.7979391124773,93.74444810646474,1.248623367162894,1.2498712164302308,74.07099925076882,106.04633275691887,14.939010080113238,1.4041852047137842,409.7935491778498,PDC,12.25,13.375,Formation-Z,drilling
DD00132,W007,2023-01-15 10:45:00,794.4287450137076,794.4287450137076,754.7073077630222,20.74344470658386,16.134372524153292,102.09591262926449,16.446071906224766,2829.031519960978,2806.0255966327613,97.24603595547174,1.266344276351956,1.251240468173612,79.71891281825309,183.1603477230189,22.65821822112497,1.3531472959643234,90.61146195656919,PDC,12.25,13.375,Formation-Z,drilling
DD00133,W007,2023-01-15 11:00:00,825.6398739202251,825.6398739202251,784.3578802242138,9.75757245801811,11.496710834586956,117.28531580635288,26.230313555933424,2234.4524163156607,2922.4598089781466,90.46349839576627,1.214286001421982,1.352938611462073,79.51970587392202,196.70544934830716,24.116057728248553,1.3095019434946131,448.6646165419606,PDC,12.25,13.375,Formation-Z,drilling
DD00134,W007,2023-01-15 11:15:00,856.2357652370307,856.2357652370307,813.4239769751791,17.167376913649427,17.675347622211213,96.70562471834803,28.227076450105656,3596.466542034538,1528.3562154324952,98.59682329658153,1.3019519333000267,1.3863221718313368,78.7385667320284,174.92775563053186,21.733762466729466,1.4141950097255105,249.20046861226402,PDC,12.25,13.375,Formation-Z,drilling
DD00135,W007,2023-01-15 11:30:00,873.6340387606721,873.6340387606721,829.9523368226385,20.790200422927025,11.956018441972397,73.1211738239898,18.474750639670514,3728.6205323151444,2902.6020044954075,95.96819869196644,1.3493128096308313,1.2967704916210363,63.90012457810285,101.21107066154441,23.890712103905635,1.357541925574417,419.1697435032988,PDC,12.25,13.375,Formation-Z,drilling
DD00136,W007,2023-01-15 11:45:00,898.9550640100839,898.9550640100839,854.0073108095796,25.928493909382116,18.579197300968723,106.4065978405008,27.446576057729384,3186.0570622766613,2172.3987481502795,99.91292348209765,1.3076225102839727,1.2823049636690314,50.468463741458905,108.02817793851379,22.74370714464529,1.2775095427867895,106.78445670072018,PDC,12.25,13.375,Formation-Z,drilling
DD00137,W007,2023-01-15 12:00:00,941.9832480065728,941.9832480065728,894.8840856062441,7.969925415718416,21.288445517818182,99.95932587995006,12.208878233682757,2623.917010703373,1885.3644566509633,97.97015241027212,1.3880734140514837,1.2702783446548565,61.253038594533194,187.74180218783715,22.006024424860946,1.393322278660071,318.7830481505371,PDC,12.25,13.375,Formation-Z,drilling
DD00138,W007,2023-01-15 12:15:00,975.4086204534713,975.4086204534713,926.6381894307976,22.26237861782783,10.684773165223552,60.57120377004888,21.48098343986967,3075.504122078717,2016.23828992661,94.9760226262457,1.2128766460924496,1.2092116544640443,73.54779547784283,149.42455322693482,16.923651399316544,1.3162767262345971,225.0513444632654,PDC,12.25,13.375,Formation-Z,drilling
DD00139,W007,2023-01-15 12:30:00,989.1409750654901,989.1409750654901,939.6839263122156,27.750871276286013,19.70745916157692,115.08794876902112,10.612284686210513,3227.7605214332048,2249.0707466331082,98.49599921895737,1.3628513374576832,1.392046970172489,51.66900060210493,170.45723879450327,26.137105637260262,1.3096751437780205,269.00595143834926,PDC,12.25,13.375,Formation-Z,drilling
DD00140,W007,2023-01-15 12:45:00,1012.80867258274,1012.80867258274,962.1682389536029,18.683674847194144,22.141975894256245,78.49709993487346,11.39500695521997,3239.8202873096957,2958.1636592933005,95.12185632006636,1.2268622824129807,1.305724199518361,65.95506269018702,113.57375068864731,19.824758638824918,1.310099408420572,25.88031801943861,PDC,12.25,13.375,Formation-Z,drilling
DD00141,W008,2023-01-15 08:00:00,500.0,500.0,475.0,15.101071017607186,19.89143699502351,88.66661985201026,21.962879780941783,2269.0412392345484,2777.4924915043707,92.50658300599902,1.3310379412566016,1.3470033330217146,64.19888396519382,163.0531005875867,22.610900624313814,1.3913026339138292,192.0644282081042,PDC,12.25,13.375,Formation-X,drilling
DD00142,W008,2023-01-15 08:15:00,514.6098618762758,514.6098618762758,488.87936878246194,5.906236710649741,16.43708625167524,110.4015341734389,26.0074882537615,2301.642951578697,2518.0505292602293,90.7913368824648,1.3378270679727964,1.2238302229537095,76.16073060050002,100.55209942345137,14.63695569959854,1.4453795596865855,328.4527044247467,PDC,12.25,13.375,Formation-X,drilling
DD00143,W008,2023-01-15 08:30:00,549.7435646040101,549.7435646040101,522.2563863738095,14.581861073220487,24.153882960005625,113.85890542892443,15.004914099825035,3928.117874689503,1957.7601617186715,90.06547807429317,1.357591230902947,1.3863982013481326,69.92398065580868,173.79402865709184,25.77495920895116,1.4182244645203403,309.98068377771057,PDC,12.25,13.375,Formation-X,drilling
DD00144,W008,2023-01-15 08:45:00,582.8966644517718,582.8966644517718,553.7518312291832,8.140330658204501,18.35951107939548,61.32963040121481,11.394844794232162,2540.9112723172775,2716.6571550152808,90.74340741705399,1.2101802073941015,1.3335901072799203,74.72006160592127,144.3020256230024,24.202169121946646,1.3586165503061827,133.04687863008905,PDC,12.25,13.375,Formation-X,drilling
DD00145,W008,2023-01-15 09:00:00,608.7968090318765,608.7968090318765,578.3569685802827,28.883733627377314,17.336324465954956,101.90492124098401,15.144775724019324,2020.4670845039327,1962.9834924180425,90.32815073353675,1.223625299164653,1.292096885094241,53.87350428717985,144.86831166543467,16.152439856982035,1.3999819450690616,309.6179489372045,PDC,12.25,13.375,Formation-X,drilling
DD00146,W008,2023-01-15 09:15:00,657.5955639831787,657.5955639831787,624.7157857840198,21.71308318629263,24.11557005207783,64.77806948982438,17.79712477918019,2927.3445169988076,1740.9356455820864,95.8125205083894,1.236493570875876,1.397517061928551,73.9254012759794,100.67042652540694,12.752553015544784,1.412709110318199,274.06179714509847,PDC,12.25,13.375,Formation-X,drilling
DD00147,W008,2023-01-15 09:30:00,696.7335255024149,696.7335255024149,661.8968492272941,23.632229805237753,23.20160835741958,72.53519202180871,20.605908701588067,3703.2481002451386,2802.686330090619,92.69261717522755,1.2583688867022829,1.3492974477234108,52.65329694429915,136.14370343435735,21.859780981122693,1.443788554623804,115.87586486128691,PDC,12.25,13.375,Formation-X,drilling
DD00148,W008,2023-01-15 09:45:00,729.403665051841,729.403665051841,692.933481799249,18.46819240469926,15.959723185128604,90.26471126712718,25.209027189166292,3112.744994503371,1629.1789685955662,98.90266186643272,1.3500278114323243,1.2521288280095373,69.93882399396051,124.79541637122753,26.15106265020136,1.2896790182479343,192.6262703231294,PDC,12.25,13.375,Formation-X,drilling
DD00149,W008,2023-01-15 10:00:00,778.6232546378922,778.6232546378922,739.6920919059975,19.588463374436415,14.747689581532619,79.05571537187174,19.679186056004625,2781.421693651067,2043.9254197599498,95.0407180070554,1.2410258979200453,1.3396671086521743,65.19478553202539,166.59616264871022,29.85776508210693,1.2753513303151651,135.9817322373769,PDC,12.25,13.375,Formation-X,drilling
DD00150,W008,2023-01-15 10:15:00,801.0395635916371,801.0395635916371,760.9875854120553,13.182248610865518,20.113436441764577,85.23923328672862,13.023970436066081,2794.3835981364077,2112.6258401984305,99.41755371206882,1.303837655529098,1.2746452622032627,58.572749951446234,106.46224269647075,19.010675154181875,1.319754571180141,102.7829373082024,PDC,12.25,13.375,Formation-X,drilling
DD00151,W008,2023-01-15 10:30:00,832.4047797765058,832.4047797765058,790.7845407876805,28.382885701471608,22.558141045826588,79.85119907094787,29.20538473610291,2529.6527717095228,2117.110686620431,91.63163353861896,1.333716838996477,1.2146183300553623,66.00098022415072,106.71735212747694,15.577176563254053,1.2617779482635056,112.77294194030866,PDC,12.25,13.375,Formation-X,drilling
DD00152,W008,2023-01-15 10:45:00,876.4838981001466,876.4838981001466,832.6597031951392,17.13703570373722,12.374233802891071,105.51520194875943,29.250345797989375,2542.6606194689207,2294.682408195821,91.08865869221833,1.3932705071318692,1.2214417268064832,70.69836752049926,174.31366198955612,13.991639067938308,1.305812193597338,400.9726726045543,PDC,12.25,13.375,Formation-X,drilling
DD00153,W008,2023-01-15 11:00:00,893.9518295975504,893.9518295975504,849.2542381176728,9.041096237157882,10.596559117496733,86.17177910050275,28.849131473155197,2176.4157862077686,2926.420212838256,95.97502767605435,1.2140121015800427,1.2066524966120475,53.866503680242225,171.38040600375135,15.730321755705791,1.2851757797267174,362.6505202105846,PDC,12.25,13.375,Formation-X,drilling
DD00154,W008,2023-01-15 11:15:00,905.131722206459,905.131722206459,859.875136096136,17.25223569392589,21.825869136733637,73.41903019731738,11.763886114269672,2691.6323609870933,1627.8663576394495,98.84988314398862,1.2052768979598751,1.2085294624339948,68.38479720525643,181.60664643374753,22.22306332086847,1.2688068200524896,264.73230776454886,PDC,12.25,13.375,Formation-X,drilling
DD00155,W008,2023-01-15 11:30:00,941.5499181715479,941.5499181715479,894.4724222629704,24.704252561534016,24.112358096122463,104.71188565657786,16.07085102323892,3270.1344587073067,2431.100083138126,94.06303963171027,1.3532473675478642,1.312484081349682,58.90064332814776,183.2189239112703,16.809784682058144,1.4166625133459967,87.29026267381477,PDC,12.25,13.375,Formation-X,drilling
DD00156,W008,2023-01-15 11:45:00,957.122339317256,957.122339317256,909.2662223513931,7.163604315816819,15.260844379585377,102.19422051992188,28.618308722199785,3243.349301890868,2010.0738197518722,94.77063020309083,1.2171541084273625,1.2255626817409477,57.51711744734153,159.05350232030048,23.47027901893398,1.3367244066139459,197.06554922271874,PDC,12.25,13.375,Formation-X,drilling
DD00157,W008,2023-01-15 12:00:00,994.6534688168584,994.6534688168584,944.9207953760155,11.988108686783661,23.990267847263503,92.19266837060951,12.938050904979903,2530.333440343803,2737.3804199176193,96.23113827021871,1.3354448102671008,1.3287245940552515,72.81241602282645,193.57166619076406,24.55774828252161,1.4175496149807365,110.24330655545404,PDC,12.25,13.375,Formation-X,drilling
DD00158,W008,2023-01-15 12:15:00,1037.6121707842394,1037.6121707842394,985.7315622450274,29.518962141391256,20.65708758223628,88.65364580968453,20.88187466184162,2558.362432563499,2832.5547058148213,94.43442080987093,1.3645940567902979,1.3425604808872678,79.11521776955128,148.9376958099356,28.497479874315353,1.440157973838698,268.3158693322048,PDC,12.25,13.375,Formation-X,drilling
DD00159,W008,2023-01-15 12:30:00,1075.9308023067306,1075.9308023067306,1022.134262191394,20.230166468920707,10.202803124112066,106.56446339573785,18.677602114811112,2617.0710267960903,1681.5376181840602,99.15462962285152,1.3602863521778041,1.2151900056977616,70.52131176121688,125.10498186985069,20.553971350766663,1.255217589253252,171.39787590103643,PDC,12.25,13.375,Formation-X,drilling
DD00160,W008,2023-01-15 12:45:00,1097.1553916018624,1097.1553916018624,1042.2976220217693,28.408603764641025,16.473115758790183,62.0514165975418,16.946878104707967,2608.3578628550285,1973.3484120197024,97.92669788943384,1.2060410817875067,1.2749690582257098,71.21397781841908,135.73979984511456,24.006204507170317,1.297118786685719,341.0829989007229,PDC,12.25,13.375,Formation-X,drilling
DD00161,W009,2023-01-15 08:00:00,500.0,500.0,475.0,5.381622128816581,10.436055734310525,111.55297495715939,15.99485909716667,2571.6343344998877,2813.492841328455,96.01446288541578,1.2279365938635856,1.3440687436639382,55.9123444501731,184.30772095574082,24.159990790369825,1.3538877734863715,181.8177263630609,PDC,12.25,13.375,Formation-X,drilling
DD00162,W009,2023-01-15 08:15:00,532.1386099820648,532.1386099820648,505.5316794829616,16.029426267056714,14.287829083766646,102.85683710996632,17.467213175195816,3582.607902539001,2845.0367697390307,90.43872320981161,1.2668803331252723,1.3438050870882803,72.57588434391225,122.61673822336594,28.595135175511462,1.3119580757593419,243.84779595417967,PDC,12.25,13.375,Formation-X,drilling
DD00163,W009,2023-01-15 08:30:00,574.4108524160216,574.4108524160216,545.6903097952205,15.726106371139291,20.063495465322028,91.36571236024284,22.206744873194964,3390.810912437969,2001.9027455620908,93.69200453069499,1.2331521505399043,1.2680561997312978,55.979024886287895,131.45329384314854,10.885727758271447,1.4378774824807519,412.5233613715008,PDC,12.25,13.375,Formation-X,drilling
DD00164,W009,2023-01-15 08:45:00,595.697799144314,595.697799144314,565.9129091870983,12.245273487986225,15.937959945325574,102.5958790394669,21.587991456542763,3188.7309955162627,1994.1526072588954,98.6524791846914,1.2830539211756928,1.3439129833572303,50.86081348700602,179.82111827059381,29.560243858489358,1.2620686144213094,462.7382054804173,PDC,12.25,13.375,Formation-X,drilling
DD00165,W009,2023-01-15 09:00:00,628.8841755129805,628.8841755129805,597.4399667373315,23.627743801375477,13.1930266471206,95.67821943180016,25.651967579179114,3797.640282464662,2742.9933985385414,99.09972999730702,1.3101810873769393,1.2195187488926307,68.90113915795573,130.36739799719362,21.747992408302164,1.4476262203769374,39.72730697366991,PDC,12.25,13.375,Formation-X,drilling
DD00166,W009,2023-01-15 09:15:00,674.9859955267473,674.9859955267473,641.2366957504099,27.377860825465056,10.794093375008146,99.65589840755617,17.905431533677096,2510.858598039224,2773.3822885923273,91.75212419945089,1.369735959980484,1.3236425464021262,50.7375939067195,175.38040546780164,22.76058043512604,1.3202648073566408,100.3632380606028,PDC,12.25,13.375,Formation-X,drilling
DD00167,W009,2023-01-15 09:30:00,693.6262014205369,693.6262014205369,658.9448913495099,26.68159652264372,24.425884285542175,99.29805441535643,29.575783760697856,3872.261119766612,2672.1048668417143,94.13040302051306,1.205274448405528,1.2093760698444926,78.68374096528844,110.51409005107561,28.9760549380031,1.2615881316506634,60.244074613505816,PDC,12.25,13.375,Formation-X,drilling
DD00168,W009,2023-01-15 09:45:00,716.0823832657784,716.0823832657784,680.2782641024894,6.817003468856071,14.84992629922047,85.54484325387838,11.667145209423989,3448.3541998453547,2868.800059690444,90.29963907210318,1.2679446147523372,1.3522430878502465,56.176257519429626,119.56621777474919,11.19026221606381,1.2840866356623646,371.976370276633,PDC,12.25,13.375,Formation-X,drilling
DD00169,W009,2023-01-15 10:00:00,735.4612603740177,735.4612603740177,698.6881973553168,12.04710117854733,18.8728012510569,64.01751219264372,15.602872651453039,3665.1248171799416,2678.9714226526826,91.70926523463622,1.3883032302152323,1.322248986026956,61.20823790657123,125.51000771779391,17.11129502064373,1.3487113026108384,35.65640749216637,PDC,12.25,13.375,Formation-X,drilling
DD00170,W009,2023-01-15 10:15:00,783.722263845274,783.722263845274,744.5361506530103,21.633671194111677,15.975575771493034,118.73417169082188,15.42654360317001,3284.020334051026,1797.358394071087,97.30585649657617,1.285088657622177,1.233748683534642,54.431051615665474,194.6691747578123,22.694946837285173,1.3398853279562946,234.75275917901098,PDC,12.25,13.375,Formation-X,drilling
DD00171,W009,2023-01-15 10:30:00,800.8193756131764,800.8193756131764,760.7784068325175,13.794020264440361,15.902532035579569,109.3894141656337,24.6144571762921,3021.6632337576284,2700.119120992459,91.09365643331354,1.3754456133169988,1.3135412689035557,61.223485373280056,124.52609760034491,28.33215213677805,1.2932540009386742,487.29626023827257,PDC,12.25,13.375,Formation-X,drilling
DD00172,W009,2023-01-15 10:45:00,812.1257483970794,812.1257483970794,771.5194609772254,15.146659866514065,14.060824919566693,88.84418848803367,26.96041036873355,3913.594732114022,2792.5384907933612,96.7628132676901,1.2118030182073347,1.39353494180048,74.46485787926088,171.6159178759703,19.99943523199756,1.3708796606078968,338.8021965060859,PDC,12.25,13.375,Formation-X,drilling
DD00173,W009,2023-01-15 11:00:00,832.4496668418049,832.4496668418049,790.8271834997146,19.78753409582738,17.11521931018501,118.69744904061902,23.39834208184321,2345.5121127665725,2276.1431615968263,98.19752241020505,1.3544302758205617,1.3855783143378122,50.30407388596543,181.80329510550675,27.521111103223415,1.2799870110180618,276.1245057327635,PDC,12.25,13.375,Formation-X,drilling
DD00174,W009,2023-01-15 11:15:00,848.7606922749583,848.7606922749583,806.3226576612103,10.727459131323801,16.439961440634228,96.30923093290644,19.67815742121453,3602.732211061171,1508.3037327690972,96.85740273361547,1.350302915644111,1.2313575942695827,51.48248515826327,128.59847766488656,28.426282185860295,1.3993722158816964,297.89153680483935,PDC,12.25,13.375,Formation-X,drilling
DD00175,W009,2023-01-15 11:30:00,872.2044552071214,872.2044552071214,828.5942324467653,8.83157328042723,13.407871377358234,72.4748141422953,11.737603880436346,2129.9887776143137,1702.6548476125995,98.26558047662115,1.3413288062992512,1.2433976425709845,69.11505455469897,107.20149731248253,14.953563973140183,1.3852235863071884,385.44206409331946,PDC,12.25,13.375,Formation-X,drilling
DD00176,W009,2023-01-15 11:45:00,918.295323682172,918.295323682172,872.3805574980634,13.79727126081266,22.570753915248325,81.69199630880689,16.57457621590422,2161.574189592449,2014.2956862962983,98.32521886098863,1.3409710102974817,1.3197277172211668,66.97571828855172,188.49039866405474,11.430280783065696,1.3029268623990553,97.47247260010516,PDC,12.25,13.375,Formation-X,drilling
DD00177,W009,2023-01-15 12:00:00,967.951372239299,967.951372239299,919.553803627334,23.160862064973664,22.81521788448091,62.98705092225317,28.369462202008652,2260.9983390345815,2969.7291657720116,93.49972988899944,1.2937975289281352,1.2676979793071828,62.398347607700636,198.38579726342846,24.77155101381301,1.3067441868463472,437.74423378977417,PDC,12.25,13.375,Formation-X,drilling
DD00178,W009,2023-01-15 12:15:00,978.7216281350863,978.7216281350863,929.785546728332,24.493263484086103,17.079627243594537,99.23720366451198,27.20010160207433,3569.300165266899,2639.6103875477124,98.41753279244271,1.3960740013445436,1.2229748280803965,58.939176417456146,183.46456754276466,17.29239710674339,1.323596320708696,475.8916624277145,PDC,12.25,13.375,Formation-X,drilling
DD00179,W009,2023-01-15 12:30:00,1023.5660727289749,1023.5660727289749,972.3877690925261,8.77121521246751,19.78803435121294,95.37831410848787,10.660954642465674,2564.4754683219144,1511.2111240813342,93.38585216093101,1.3326583607016635,1.339075279070284,64.62323784605293,107.34775650101247,24.264349486040352,1.4283465599168674,389.5386075519747,PDC,12.25,13.375,Formation-X,drilling
DD00180,W009,2023-01-15 12:45:00,1064.5421272549754,1064.5421272549754,1011.3150208922266,15.342187177147222,14.014852383801133,82.53302079932676,13.789117711736347,2012.0576785359988,2902.4999872189255,93.25843029338412,1.269897587974531,1.2974900863537353,61.428832511139724,107.46134791056097,22.962467038887596,1.4450886833695848,42.40436200413467,PDC,12.25,13.375,Formation-X,drilling
DD00181,W010,2023-01-15 08:00:00,500.0,500.0,475.0,18.95639867478461,24.825320077761475,83.53262397101626,15.012760381368984,3725.519329740395,2365.4630839588285,92.5541113218062,1.3440976430219616,1.2514856420208493,70.4350557028725,101.21182586811648,16.377878539341324,1.4067867041635127,58.23763851100569,PDC,12.25,13.375,Formation-Y,drilling
DD00182,W010,2023-01-15 08:15:00,542.4336532549149,542.4336532549149,515.3119705921691,14.789417415359495,24.82251938912293,67.39254031561374,22.81451894690702,3105.531002856887,2852.3640522252426,93.03902458816334,1.3057457498206566,1.2241259835349945,61.685123484175186,101.71388017500236,23.266961657516863,1.4107349312047524,110.75205805997734,PDC,12.25,13.375,Formation-Y,drilling
DD00183,W010,2023-01-15 08:30:00,582.6700206005047,582.6700206005047,553.5365195704794,20.26029930023882,10.341653154974813,102.776568251533,15.35064129437071,3346.83949214732,2010.5243284240785,95.4250843745163,1.295867996181818,1.2069168928473806,70.25294286460297,174.7695122787128,25.80401461072777,1.4409310890721148,76.68059834746383,PDC,12.25,13.375,Formation-Y,drilling
DD00184,W010,2023-01-15 08:45:00,602.7036365139471,602.7036365139471,572.5684546882497,8.88882342225548,15.887399849167842,89.27459338456337,12.678537091098931,3472.949382581224,2009.3429734076872,98.50273188680721,1.2923413320187436,1.2300806595246294,65.86043418445334,188.45787102459212,26.549654970095816,1.2770149647825293,337.8264077959876,PDC,12.25,13.375,Formation-Y,drilling
DD00185,W010,2023-01-15 09:00:00,645.7377467844794,645.7377467844794,613.4508594452554,29.566205289044486,12.511120171679286,75.34469186609945,16.10328733361234,2554.6966634639984,1694.4811863772418,91.11971252966971,1.3531805201770792,1.3644645467043195,55.82760766450794,128.55011035408228,20.255775425261277,1.2848028159966702,166.21194574727917,PDC,12.25,13.375,Formation-Y,drilling
DD00186,W010,2023-01-15 09:15:00,666.8511363676719,666.8511363676719,633.5085795492882,12.270477660804485,19.321821246320166,117.88138268389768,28.444933823937646,2081.638842038527,2213.0127965833576,91.79126091285485,1.3070782212985168,1.241558224030439,53.49370354311149,140.57888684823908,29.78873993149208,1.4111815369838565,272.24210972198404,PDC,12.25,13.375,Formation-Y,drilling
DD00187,W010,2023-01-15 09:30:00,695.0057734753332,695.0057734753332,660.2554848015665,15.17958976622825,18.54729173602083,87.79144562992309,24.777621159573993,3792.3705621153085,2074.149891359274,97.71812626878503,1.2381638379299342,1.3663431329568734,72.82024314117827,191.5182242619474,26.861719038673638,1.3201782889287248,366.85232422221196,PDC,12.25,13.375,Formation-Y,drilling
DD00188,W010,2023-01-15 09:45:00,733.4485433869136,733.4485433869136,696.7761162175678,27.1101005835593,16.94443027962456,111.46868261518253,17.661996635141545,2213.9001653001055,2945.8372501623307,98.5097978333751,1.3414271605767274,1.3442050683813958,58.998569687015944,103.36463181179113,16.464720424172455,1.319404528539194,382.540787861171,PDC,12.25,13.375,Formation-Y,drilling
DD00189,W010,2023-01-15 10:00:00,753.879718085995,753.879718085995,716.1857321816952,7.282572293821233,20.660283090897803,96.89858492432631,18.291724938942643,2920.56887232159,2896.612478701062,95.56062826015382,1.358478582772541,1.3972074547098234,76.96414884388784,100.72369758374687,15.164640165758133,1.2727470915248806,180.29100172498988,PDC,12.25,13.375,Formation-Y,drilling
DD00190,W010,2023-01-15 10:15:00,790.2359642694921,790.2359642694921,750.7241660560175,27.959534644108167,17.147675722049318,72.74893543509123,20.032642661135892,3845.2027125053546,2655.3359663677584,97.78921478655096,1.3889892623296098,1.2012460545488108,65.4397515292084,139.69872490049545,20.013004031944348,1.3666605113101402,399.384199449093,PDC,12.25,13.375,Formation-Y,drilling
DD00191,W010,2023-01-15 10:30:00,818.0540116121332,818.0540116121332,777.1513110315265,25.898406881072713,12.140372426447682,81.0303342989105,24.662209364814558,2271.5331981733025,2565.459365622337,95.51730197290908,1.242989509782823,1.3580924324848194,62.8737113168343,175.60655867563617,25.469566564306305,1.3394264096173274,199.62610319695597,PDC,12.25,13.375,Formation-Y,drilling
DD00192,W010,2023-01-15 10:45:00,849.0135500502462,849.0135500502462,806.5628725477338,28.05304624771825,23.690251702169768,68.58600464557641,16.09952967384293,2145.086772392263,1555.7931143259502,91.74368387082608,1.2407270973055593,1.2344121344193766,51.48514703496403,178.7507528759908,17.480104681109093,1.3533428611370817,239.9557415200156,PDC,12.25,13.375,Formation-Y,drilling
DD00193,W010,2023-01-15 11:00:00,896.9468189102374,896.9468189102374,852.0994779647256,9.979825479568369,21.211284792920523,93.11898152678248,19.22151160478258,2882.921285746478,2647.4705520485877,98.7868742663953,1.2737737001747846,1.2673291922724679,69.2013801113212,139.4963617021647,16.159084247912066,1.299503551084097,152.3037190798537,PDC,12.25,13.375,Formation-Y,drilling
DD00194,W010,2023-01-15 11:15:00,931.0862474821785,931.0862474821785,884.5319351080695,14.56986025345139,11.809318798895468,118.97022318510557,11.259513665482515,3695.0206024966283,2217.754879834235,98.7634726033716,1.3986577496255816,1.36764513543041,65.26090808108363,121.57210676284751,20.118004737238056,1.3243690724761408,167.49519742578624,PDC,12.25,13.375,Formation-Y,drilling
DD00195,W010,2023-01-15 11:30:00,951.3821912341591,951.3821912341591,903.8130816724511,11.136228680281434,19.23638219863742,65.24787056905731,15.145981283244325,2809.756902914218,2161.1232805146337,95.38311598494614,1.3092762336699608,1.3062072137961982,60.48261518853427,171.64681791553238,15.75175074286355,1.2811358657993237,221.88823909459853,PDC,12.25,13.375,Formation-Y,drilling
DD00196,W010,2023-01-15 11:45:00,974.2459520598269,974.2459520598269,925.5336544568355,13.306554660884233,13.594926860666822,95.68965576290489,26.19496946877788,3281.72294000923,2336.970196268385,90.31617270191305,1.2952795214122452,1.2763823351847308,64.85792259759647,124.38330633489517,24.789580637035932,1.2782540146167836,332.9602594289175,PDC,12.25,13.375,Formation-Y,drilling
DD00197,W010,2023-01-15 12:00:00,1012.6864981652416,1012.6864981652416,962.0521732569795,25.327286451518646,18.624033404985752,69.31473526503311,10.800241930115051,3724.7948290822264,2487.147538015347,98.06073607120979,1.2915021164315867,1.3216080655032565,51.70211473773481,120.1371184914394,27.833469390706714,1.344997144565058,398.29588644930135,PDC,12.25,13.375,Formation-Y,drilling
DD00198,W010,2023-01-15 12:15:00,1052.615063368685,1052.615063368685,999.9843102002507,12.519466947012997,22.4923280376414,112.36489567858112,25.380027558909532,3912.9544017936087,2471.351490216475,90.05948712986024,1.2366317539785432,1.2767504144621227,61.68709286403267,102.70041831847585,10.33855005847464,1.329358405580053,304.8852025714517,PDC,12.25,13.375,Formation-Y,drilling
DD00199,W010,2023-01-15 12:30:00,1085.3372510777363,1085.3372510777363,1031.0703885238495,27.487094979936696,23.007748153846478,64.6186854772934,12.154894301042987,3460.6461324562806,1944.3962015434615,99.39641225244608,1.3489807749553477,1.2118883316511426,63.12413482114105,188.70615241188065,28.39853896178296,1.3273396608422994,293.63609759415414,PDC,12.25,13.375,Formation-Y,drilling
DD00200,W010,2023-01-15 12:45:00,1111.7778978127242,1111.7778978127242,1056.1890029220879,20.271036913632898,20.013775864027497,107.30029284947724,13.81490788310882,3115.1314093284414,1983.088432782746,96.5144857979848,1.3603215545335718,1.3763272982032932,71.41461049498048,190.30731225295528,17.38135802600591,1.3619863539429922,307.57962452463875,PDC,12.25,13.375,Formation-Y,drilling
