event_id,well_id,event_type,event_category,phase,start_time,end_time,duration_hours,depth_md_m,depth_tvd_m,formation_name,severity,description,root_cause,corrective_action,cost_impact_inr,mud_weight_at_event,data_source
EVT0001,W001,well_control,planned,tripping,2023-02-01 10:00:00,2023-02-01 14:00:00,2.3222433202027117,1666.0616581343886,679.1919619398927,Formation-Z,critical,Synthetic drilling event,Unknown,Monitored,1058927.6449376994,1.1963811501344468,Daily Drilling Report
EVT0002,W001,NPT,planned,casing,2023-02-01 10:00:00,2023-02-01 14:00:00,5.583297563524599,1290.2559037766655,902.7649320068388,Formation-Z,low,Synthetic drilling event,Unknown,Monitored,4022756.8133381475,1.4076190844247365,Daily Drilling Report
EVT0003,W001,stuck_pipe,unplanned,cementing,2023-02-01 10:00:00,2023-02-01 14:00:00,5.8395696263183074,580.3576573110662,928.9463472140847,Formation-Z,medium,Synthetic drilling event,Unknown,Monitored,4441561.047872642,1.2636782731050535,Daily Drilling Report
EVT0004,W001,kick,planned,cementing,2023-02-01 10:00:00,2023-02-01 14:00:00,1.4512049348709133,2054.3522446346383,2837.849477467132,Formation-Z,medium,Synthetic drilling event,Unknown,Monitored,1214109.7407952715,1.3939896382078205,Daily Drilling Report
EVT0005,W002,NPT,unplanned,cementing,2023-02-01 10:00:00,2023-02-01 14:00:00,5.860045018722058,892.0120502331247,1866.2614151996233,Formation-X,critical,Synthetic drilling event,Unknown,Monitored,2457684.358366638,1.4797414827434336,Daily Drilling Report
EVT0006,W002,NPT,planned,tripping,2023-02-01 10:00:00,2023-02-01 14:00:00,7.548842013873051,1896.5270286532977,2152.0693118248632,Formation-X,low,Synthetic drilling event,Unknown,Monitored,3549102.989923467,1.3547530905277552,Daily Drilling Report
EVT0007,W002,lost_circulation,unplanned,cementing,2023-02-01 10:00:00,2023-02-01 14:00:00,5.432078576066375,2480.4076009788923,996.6677095487929,Formation-X,low,Synthetic drilling event,Unknown,Monitored,788019.5000514939,1.164101598588768,Daily Drilling Report
EVT0008,W003,formation_top,unplanned,cementing,2023-02-01 10:00:00,2023-02-01 14:00:00,9.55034058013974,2089.866400006215,1293.5877969836583,Formation-X,high,Synthetic drilling event,Unknown,Monitored,3973053.0412958693,1.2792938673491154,Daily Drilling Report
EVT0009,W003,stuck_pipe,planned,drilling,2023-02-01 10:00:00,2023-02-01 14:00:00,9.280121728814239,702.2830539528118,2845.160608007498,Formation-X,high,Synthetic drilling event,Unknown,Monitored,111017.36385189768,1.3487654362655146,Daily Drilling Report
EVT0010,W003,stuck_pipe,unplanned,drilling,2023-02-01 10:00:00,2023-02-01 14:00:00,3.256323267627442,2445.796142002215,2084.181999427905,Formation-X,low,Synthetic drilling event,Unknown,Monitored,182108.3182542955,1.3907296685107355,Daily Drilling Report
EVT0011,W003,NPT,unplanned,casing,2023-02-01 10:00:00,2023-02-01 14:00:00,7.82663362567757,2695.912327870528,989.6356778121233,Formation-X,low,Synthetic drilling event,Unknown,Monitored,997852.8875048575,1.3598268289797817,Daily Drilling Report
EVT0012,W004,NPT,planned,cementing,2023-02-01 10:00:00,2023-02-01 14:00:00,4.601710725193628,2469.6138923800663,1320.308211675681,Formation-Y,medium,Synthetic drilling event,Unknown,Monitored,2281000.3835087684,1.3736221671136246,Daily Drilling Report
EVT0013,W005,kick,unplanned,cementing,2023-02-01 10:00:00,2023-02-01 14:00:00,8.35017839171621,3023.6922908317615,2719.2957851330516,Formation-Z,high,Synthetic drilling event,Unknown,Monitored,4000579.5865223166,1.1817681772855324,Daily Drilling Report
EVT0014,W005,NPT,unplanned,cementing,2023-02-01 10:00:00,2023-02-01 14:00:00,4.76837725779062,2249.081043849006,834.4654783088846,Formation-Z,low,Synthetic drilling event,Unknown,Monitored,2419160.070900792,1.1787898875608733,Daily Drilling Report
EVT0015,W005,mud_loss,planned,drilling,2023-02-01 10:00:00,2023-02-01 14:00:00,2.4703050437929064,1390.4880159816048,770.3631821958238,Formation-Z,high,Synthetic drilling event,Unknown,Monitored,2825672.116684083,1.4765985673248925,Daily Drilling Report
EVT0016,W006,NPT,planned,casing,2023-02-01 10:00:00,2023-02-01 14:00:00,7.054068611429276,664.1823674646629,655.7497346941244,Formation-Z,critical,Synthetic drilling event,Unknown,Monitored,1347505.1325048197,1.157436217726251,Daily Drilling Report
EVT0017,W006,kick,unplanned,cementing,2023-02-01 10:00:00,2023-02-01 14:00:00,5.799916046186138,539.688476009976,2003.9807237279515,Formation-Z,low,Synthetic drilling event,Unknown,Monitored,4827129.336016057,1.2809374263612943,Daily Drilling Report
EVT0018,W006,formation_top,unplanned,cementing,2023-02-01 10:00:00,2023-02-01 14:00:00,9.456855142828273,1036.8843989566833,1241.6365047368909,Formation-Z,medium,Synthetic drilling event,Unknown,Monitored,760693.918178448,1.3720101016685897,Daily Drilling Report
EVT0019,W006,formation_top,unplanned,cementing,2023-02-01 10:00:00,2023-02-01 14:00:00,1.3462275513868158,723.0335042314982,3368.061313386641,Formation-Z,low,Synthetic drilling event,Unknown,Monitored,1279972.635652452,1.2556984402248914,Daily Drilling Report
EVT0020,W007,mud_loss,unplanned,drilling,2023-02-01 10:00:00,2023-02-01 14:00:00,7.393821749608445,1624.5017582527396,1306.3556452034713,Formation-Z,high,Synthetic drilling event,Unknown,Monitored,1441620.9393222218,1.4280915230870719,Daily Drilling Report
EVT0021,W007,kick,planned,casing,2023-02-01 10:00:00,2023-02-01 14:00:00,6.483415388077183,2085.927969733369,2015.2137084324083,Formation-Z,low,Synthetic drilling event,Unknown,Monitored,1668929.6543996227,1.4457852113374698,Daily Drilling Report
EVT0022,W007,well_control,unplanned,cementing,2023-02-01 10:00:00,2023-02-01 14:00:00,1.2560175658973511,2337.6978364950446,1835.978015055329,Formation-Z,low,Synthetic drilling event,Unknown,Monitored,543851.4383631796,1.3630776347368427,Daily Drilling Report
EVT0023,W007,NPT,planned,casing,2023-02-01 10:00:00,2023-02-01 14:00:00,7.877868971794988,858.2081681817386,2122.264059901936,Formation-Z,critical,Synthetic drilling event,Unknown,Monitored,1269314.9521197346,1.3714876846904949,Daily Drilling Report
EVT0024,W008,mud_loss,planned,tripping,2023-02-01 10:00:00,2023-02-01 14:00:00,4.278780972007782,938.0268386518239,1380.4736707630695,Formation-X,high,Synthetic drilling event,Unknown,Monitored,4210138.194209734,1.2445465354605862,Daily Drilling Report
EVT0025,W008,stuck_pipe,unplanned,drilling,2023-02-01 10:00:00,2023-02-01 14:00:00,3.045684545510712,1502.7215240373766,1118.545752841917,Formation-X,critical,Synthetic drilling event,Unknown,Monitored,1964817.428106253,1.4318263640247872,Daily Drilling Report
EVT0026,W008,kick,unplanned,drilling,2023-02-01 10:00:00,2023-02-01 14:00:00,5.139155929827606,2297.78914945527,1063.660307923968,Formation-X,high,Synthetic drilling event,Unknown,Monitored,395106.56864649,1.21839808858528,Daily Drilling Report
EVT0027,W009,kick,unplanned,cementing,2023-02-01 10:00:00,2023-02-01 14:00:00,7.697319020870303,2897.7661950012916,1717.5393884703283,Formation-X,low,Synthetic drilling event,Unknown,Monitored,3213902.4865228967,1.266370547158798,Daily Drilling Report
EVT0028,W010,stuck_pipe,planned,drilling,2023-02-01 10:00:00,2023-02-01 14:00:00,6.900476258620441,1991.6878583711189,2482.8431683321405,Formation-Y,low,Synthetic drilling event,Unknown,Monitored,2547088.1588621074,1.2490627512448866,Daily Drilling Report
EVT0029,W010,NPT,unplanned,casing,2023-02-01 10:00:00,2023-02-01 14:00:00,1.7545840624648938,1183.9170481574693,1914.4315114719861,Formation-Y,high,Synthetic drilling event,Unknown,Monitored,3822743.423259855,1.1650904514917773,Daily Drilling Report
