well_id,well_name,field_name,block_name,operator,well_type,well_status,spud_date,rig_release_date,surface_latitude,surface_longitude,bottom_latitude,bottom_longitude,ground_elevation_m,total_depth_md_m,total_depth_tvd_m,well_trajectory,target_formation,rig_name,rig_contractor,spacing_distance_km,basin_name,remarks
W001,Offset-01,Gamma,Block-1,OilCo,exploratory,planned,2023-01-15,2023-03-20,19.2150,73.1300,19.2150,73.1300,34.91,2943.52,3401.56,directional,Formation-Z,Rig-5,DrillCorp,1.93,Western Offshore,Synthetic data well
W002,Offset-02,Gamma,Block-2,OilCo,appraisal,drilling,2023-01-15,2023-03-20,19.1800,73.2000,19.1800,73.2000,94.36,3396.56,2219.90,directional,Formation-X,Rig-5,DrillCorp,1.97,Western Offshore,Synthetic data well
W003,Offset-03,Alpha,Block-1,OilCo,injector,planned,2023-01-15,2023-03-20,19.2900,73.0800,19.2900,73.0800,84.16,2844.87,4434.68,multilateral,Formation-X,Rig-3,DrillCorp,0.53,Western Offshore,Synthetic data well
W004,Offset-04,Gamma,Block-1,OilCo,exploratory,planned,2023-01-15,2023-03-20,19.3500,73.1800,19.3500,73.1800,74.97,2656.27,3696.30,directional,Formation-Y,Rig-2,DrillCorp,1.12,Western Offshore,Synthetic data well
W005,Offset-05,Alpha,Block-1,OilCo,injector,completed,2023-01-15,2023-03-20,19.1200,73.2800,19.1200,73.2800,24.48,3737.65,3101.16,directional,Formation-Z,Rig-2,DrillCorp,1.34,Western Offshore,Synthetic data well
W006,Offset-06,Alpha,Block-1,OilCo,development,abandoned,2023-01-15,2023-03-20,19.2400,73.2500,19.2400,73.2500,77.41,2181.49,3515.60,multilateral,Formation-Z,Rig-1,DrillCorp,0.78,Western Offshore,Synthetic data well
W007,Offset-07,Alpha,Block-2,OilCo,workover,suspended,2023-01-15,2023-03-20,19.1500,73.0800,19.1500,73.0800,80.04,4712.90,3047.49,directional,Formation-Z,Rig-4,DrillCorp,1.96,Western Offshore,Synthetic data well
W008,Offset-08,Alpha,Block-1,OilCo,injector,abandoned,2023-01-15,2023-03-20,19.3200,73.2200,19.3200,73.2200,55.26,2831.89,1948.98,multilateral,Formation-X,Rig-3,DrillCorp,0.70,Western Offshore,Synthetic data well
W009,Offset-09,Beta,Block-2,OilCo,appraisal,suspended,2023-01-15,2023-03-20,19.0600,73.1500,19.0600,73.1500,77.88,3211.19,2117.38,vertical,Formation-X,Rig-1,DrillCorp,1.33,Western Offshore,Synthetic data well
W010,Offset-10,Beta,Block-1,OilCo,appraisal,suspended,2023-01-15,2023-03-20,19.2700,73.1500,19.2700,73.1500,37.98,2709.59,4345.74,multilateral,Formation-Y,Rig-1,DrillCorp,0.52,Western Offshore,Synthetic data well
